{
  "0": {
    "state_probs": {
      "1": {
        "1": 0.5773502691896257, 
        "0": 0.42264973081037427
      }, 
      "0": {
        "1": 1.0, 
        "0": 0.0
      }, 
      "cost": 1
    }, 
    "alloc_level": 1
  }, 
  "1": {
    "state_probs": {
      "1": {
        "1": 0.5773502691896257, 
        "0": 0.42264973081037427
      }, 
      "0": {
        "1": 1.0, 
        "0": 0.0
      }, 
      "cost": 1
    }, 
    "alloc_level": 1
  }, 
  "2": {
    "state_probs": {
      "1": {
        "1": 0.0, 
        "0": 1.0
      }, 
      "0": {
        "1": 1.0, 
        "0": 0.0
      }, 
      "cost": 0
    }, 
    "alloc_level": 0
  }, 
  "3": {
    "state_probs": {
      "1": {
        "1": 0.0, 
        "0": 1.0
      }, 
      "0": {
        "1": 1.0, 
        "0": 0.0
      }, 
      "cost": 0
    }, 
    "alloc_level": 0
  }, 
  "4": {
    "state_probs": {
      "1": {
        "1": 0.5773502691896257, 
        "0": 0.42264973081037427
      }, 
      "0": {
        "1": 1.0, 
        "0": 0.0
      }, 
      "cost": 1
    }, 
    "alloc_level": 1
  }
}