{
  "0": {
    "state_probs": {
      "1": {
        "1": 0.0, 
        "0": 1.0, 
        "2": 0.0
      }, 
      "0": {
        "1": 0.0, 
        "0": 0.0, 
        "2": 1.0
      }, 
      "cost": 0
    }, 
    "alloc_level": 0
  }, 
  "1": {
    "state_probs": {
      "1": {
        "1": 0.4880338717125849, 
        "0": 0.17863279495408182, 
        "2": 0.3333333333333333
      }, 
      "0": {
        "1": 0.0, 
        "0": 0.0, 
        "2": 1.0
      }, 
      "cost": 1
    }, 
    "alloc_level": 1
  }, 
  "2": {
    "state_probs": {
      "1": {
        "1": 0.0, 
        "0": 1.0, 
        "2": 0.0
      }, 
      "0": {
        "1": 0.0, 
        "0": 0.0, 
        "2": 1.0
      }, 
      "cost": 0
    }, 
    "alloc_level": 0
  }, 
  "3": {
    "state_probs": {
      "1": {
        "1": 0.0, 
        "0": 1.0, 
        "2": 0.0
      }, 
      "0": {
        "1": 0.0, 
        "0": 0.0, 
        "2": 1.0
      }, 
      "cost": 0
    }, 
    "alloc_level": 0
  }, 
  "4": {
    "state_probs": {
      "1": {
        "1": 0.0, 
        "0": 1.0, 
        "2": 0.0
      }, 
      "0": {
        "1": 0.0, 
        "0": 0.0, 
        "2": 1.0
      }, 
      "cost": 0
    }, 
    "alloc_level": 0
  }, 
  "5": {
    "state_probs": {
      "1": {
        "1": 0.29965982852211875, 
        "0": 0.0336735048112146, 
        "2": 0.6666666666666666
      }, 
      "0": {
        "1": 0.0, 
        "0": 0.0, 
        "2": 1.0
      }, 
      "cost": 2
    }, 
    "alloc_level": 2
  }, 
  "6": {
    "state_probs": {
      "1": {
        "1": 0.29965982852211875, 
        "0": 0.0336735048112146, 
        "2": 0.6666666666666666
      }, 
      "0": {
        "1": 0.0, 
        "0": 0.0, 
        "2": 1.0
      }, 
      "cost": 2
    }, 
    "alloc_level": 2
  }, 
  "7": {
    "state_probs": {
      "1": {
        "1": 0.0, 
        "0": 1.0, 
        "2": 0.0
      }, 
      "0": {
        "1": 0.0, 
        "0": 0.0, 
        "2": 1.0
      }, 
      "cost": 0
    }, 
    "alloc_level": 0
  }, 
  "8": {
    "state_probs": {
      "1": {
        "1": 0.4880338717125849, 
        "0": 0.17863279495408182, 
        "2": 0.3333333333333333
      }, 
      "0": {
        "1": 0.0, 
        "0": 0.0, 
        "2": 1.0
      }, 
      "cost": 1
    }, 
    "alloc_level": 1
  }, 
  "9": {
    "state_probs": {
      "1": {
        "1": 0.0, 
        "0": 1.0, 
        "2": 0.0
      }, 
      "0": {
        "1": 0.0, 
        "0": 0.0, 
        "2": 1.0
      }, 
      "cost": 0
    }, 
    "alloc_level": 0
  }
}