{
    "0": {
        "0": {
            "0": 0.0, 
            "1": 0.0, 
            "2": 1.0
        }, 
        "1": {
            "0": 1.0, 
            "1": 0.0, 
            "2": 0.0
        }, 
        "cost": 0
    }, 
    "1": {
        "0": {
            "0": 0.0, 
            "1": 0.0, 
            "2": 1.0
        }, 
        "1": {
            "0": 0.17863279495408182, 
            "1": 0.48803387171258489, 
            "2": 0.33333333333333331
        }, 
        "cost": 1
    }, 
    "2": {
        "0": {
            "0": 0.0, 
            "1": 0.0, 
            "2": 1.0
        }, 
        "1": {
            "0": 0.033673504811214602, 
            "1": 0.29965982852211875, 
            "2": 0.66666666666666663
        }, 
        "cost": 2
    }
}