{
    "0": {
        "0": {
            "0": 0.0, 
            "1": 1.0
        }, 
        "1": {
            "0": 1.0, 
            "1": 0.0
        }, 
        "cost": 0
    }, 
    "1": {
        "0": {
            "0": 0.0, 
            "1": 1.0
        }, 
        "1": {
            "0": 0.29289321881345243, 
            "1": 0.70710678118654757
        }, 
        "cost": 1
    }
}