{
    "0": {
        "0": {
            "0": 0.0, 
            "1": 1.0
        }, 
        "1": {
            "0": 1.0, 
            "1": 0.0
        }, 
        "cost": 0
    }, 
    "1": {
        "0": {
            "0": 0.0, 
            "1": 1.0
        }, 
        "1": {
            "0": 0.42264973081037427, 
            "1": 0.57735026918962573
        }, 
        "cost": 1
    }, 
    "2": {
        "0": {
            "0": 0.0, 
            "1": 1.0
        }, 
        "1": {
            "0": 0.18350341907227397, 
            "1": 0.81649658092772603
        }, 
        "cost": 2
    }
}