{
    "0": {
        "0": {
            "0": 0.0, 
            "1": 0.0, 
            "2": 0.0, 
            "3": 0.0, 
            "4": 1.0
        }, 
        "1": {
            "0": 1.0, 
            "1": 0.0, 
            "2": 0.0, 
            "3": 0.0, 
            "4": 0.0
        }, 
        "cost": 0
    }, 
    "1": {
        "0": {
            "0": 0.0, 
            "1": 0.0, 
            "2": 0.0, 
            "3": 0.0, 
            "4": 1.0
        }, 
        "1": {
            "0": 0.0073593128807148481, 
            "1": 0.071067811865475214, 
            "2": 0.25735931288071484, 
            "3": 0.4142135623730952, 
            "4": 0.25000000000000006
        }, 
        "cost": 1
    }
}