{
    "0": {
        "0": {
            "0": 0.0, 
            "1": 0.0, 
            "2": 1.0
        }, 
        "1": {
            "0": 1.0, 
            "1": 0.0, 
            "2": 0.0
        }, 
        "2": {
            "0": 1.0, 
            "1": 0.0, 
            "2": 0.0
        }, 
        "cost": 0
    }, 
    "1": {
        "0": {
            "0": 0.0, 
            "1": 0.0, 
            "2": 1.0
        }, 
        "1": {
            "0": 0.094027308067866744, 
            "1": 0.42522283516299719, 
            "2": 0.48074985676913606
        }, 
        "2": {
            "0": 0.26962071124527265, 
            "1": 0.49925886397118246, 
            "2": 0.23112042478354491
        }, 
        "cost": 1
    }, 
    "2": {
        "0": {
            "0": 0.0, 
            "1": 0.0, 
            "2": 1.0
        }, 
        "1": {
            "0": 0.015981898896290158, 
            "1": 0.22087527273482183, 
            "2": 0.76314282836888803
        }, 
        "2": {
            "0": 0.056101319753090094, 
            "1": 0.36151170375604402, 
            "2": 0.5823869764908659
        }, 
        "cost": 2
    }
}