{
    "0": {
        "0": {
            "0": 0.0, 
            "1": 0.0, 
            "2": 1.0
        }, 
        "1": {
            "0": 1.0, 
            "1": 0.0, 
            "2": 0.0
        }, 
        "cost": 0
    }, 
    "1": {
        "0": {
            "0": 0.0, 
            "1": 0.0, 
            "2": 1.0
        }, 
        "1": {
            "0": 0.085786437626904924, 
            "1": 0.41421356237309498, 
            "2": 0.50000000000000011
        }, 
        "cost": 1
    }
}